Maria Silva;mariasilva@email.com
Pedro Junior;pj@email.com
Ana Costa;anacosta@email.com
João Souza;joaosouza@email.com
Lucas Lima;lucaslima@email.com
Fernanda Rocha;fernandarocha@email.com
Rafael Alves;rafaelalves@email.com
Camila Martins;camila.martins@email.com
Bruno Oliveira;bruno.oliveira@email.com
Juliana Mendes;julianamendes@email.com
Carlos Eduardo;carlosedu@email.com
Patrícia Silva;patriciasilva@email.com
Marcos Vinícius;marcosvinicius@email.com
Beatriz Ramos;beatrizramos@email.com
Tiago Pereira;tiagop@email.com
Larissa Nunes;larissanunes@email.com
Daniel Freitas;danielfreitas@email.com
Amanda Rocha;amanda.rocha@email.com
Felipe Duarte;felipeduarte@email.com
Tatiane Melo;tatianemelo@email.com
Rodrigo Costa;rodrigocosta@email.com
Aline Fernandes;alinef@email.com
Vinícius Gomes;vinigomes@email.com
Renata Lima;renatalima@email.com
Gustavo Barros;gustavob@email.com
Vanessa Cardoso;vanessacardoso@email.com
André Moura;andrem@email.com
Letícia Alves;leticiaalves@email.com
Eduardo Matos;eduardom@email.com
Débora Rocha;deborarocha@email.com
Wesley Silva;wesleys@email.com
Priscila Monteiro;priscilam@email.com
Leonardo Reis;leoreis@email.com
Carolina Dias;caroldias@email.com
Jonathan Souza;jonathansouza@email.com
Isabela Castro;isabelacastro@email.com
Diego Pires;diegopires@email.com
Tatiane Barbosa;tatianeb@email.com
Henrique Costa;henriquecosta@email.com
Bianca Rocha;biancar@email.com
Fábio Martins;fabiomartins@email.com
Luciana Gomes;lucianag@email.com
Sérgio Lima;sergiol@email.com
Natália Ramos;natalia.ramos@email.com
Douglas Vieira;douglasv@email.com
Karina Souza;karinasouza@email.com
Roberto Diniz;robertod@email.com
Melissa Andrade;melissaa@email.com
Anderson Silva;andersons@email.com
Simone Castro;simonecastro@email.com
Marcelo Nogueira;marcelon@email.com
Evelyn Matos;evelynmatos@email.com
Ricardo Luz;ricardol@email.com
Cláudia Mendes;claudiam@email.com
Alessandro Dias;alessandrod@email.com
Juliane Rocha;julianer@email.com
Jefferson Almeida;jeffersona@email.com
Silvana Pires;silvanap@email.com
Caio Oliveira;caiooliveira@email.com
Lorena Vieira;lorenav@email.com
Igor Costa;igorcosta@email.com
Michele Santos;micheles@email.com
Renan Gonçalves;renang@email.com
Talita Lopes;talitalopes@email.com
Hugo Barbosa;hugob@email.com
Sabrina Lima;sabrinalima@email.com
Wellington Souza;wellingtons@email.com
Cíntia Rocha;cintiar@email.com
Leandro Torres;leandrot@email.com
Jéssica Nunes;jessican@email.com
Cristiano Ramos;cristianor@email.com
Mariana Duarte;marianad@email.com
Alan Castro;alancastro@email.com
Rafaela Lima;rafaelalima@email.com
Victor Almeida;victora@email.com
Helena Costa;helenacosta@email.com
Murilo Pires;murilop@email.com
Tainá Fernandes;tainafernandes@email.com
Fernando Silva;fernandos@email.com
Luana Rocha;luanar@email.com
Andréia Gomes;andreiag@email.com
Thiago Monteiro;thiagom@email.com
Gabriela Ramos;gabrielar@email.com
Rodrigo Nunes;rodrigonunes@email.com
Érika Lima;erikalima@email.com
Alexandre Martins;alexandrem@email.com
Paula Souza;paulasouza@email.com
Julio César;juliocesar@email.com
Bruna Alves;brunaa@email.com
Danilo Rocha;danilor@email.com
Daniela Matos;danielam@email.com
Nathan Costa;nathanc@email.com
Rita Lopes;ritalopes@email.com
Felipe Sampaio;felipes@email.com
Lorraine Vieira;lorrainev@email.com
Mariana Borges;marianab@email.com
Otávio Fernandes;otaviof@email.com
Cristiane Lima;cristianel@email.com
Luciano Andrade;lucianoa@email.com
Júlia Gomes;juliagomes@email.com
Vitor Silva;vitorsilva@email.com
Lívia Castro;liviacastro@email.com
